<?xml version="1.0" encoding="utf-8"?>
<Defs>

	<SoundDef>
	<defName>Pawn_Fisto_Call</defName>
    <context>MapOnly</context>
    <eventNames />
    <maxVoices>7</maxVoices>
    <subSounds>
      <li>
        <grains>
          <li Class="AudioGrain_Folder">
              <clipFolderPath>Pawn/Animal/Fisto/fisto_call1</clipFolderPath>
          </li>
          <li Class="AudioGrain_Folder">
              <clipFolderPath>Pawn/Animal/Fisto/fisto_call2</clipFolderPath>
          </li>
          <li Class="AudioGrain_Folder">
              <clipFolderPath>Pawn/Animal/Fisto/fisto_call3</clipFolderPath>
          </li>
          <li Class="AudioGrain_Folder">
              <clipFolderPath>Pawn/Animal/Fisto/fisto_call4</clipFolderPath>
          </li>
          <li Class="AudioGrain_Folder">
              <clipFolderPath>Pawn/Animal/Fisto/fisto_call5</clipFolderPath>
          </li>
          <li Class="AudioGrain_Folder">
              <clipFolderPath>Pawn/Animal/Fisto/fisto_call6</clipFolderPath>
          </li>
          <li Class="AudioGrain_Folder">
              <clipFolderPath>Pawn/Animal/Fisto/fisto_call7</clipFolderPath>
          </li>
        </grains>
        <volumeRange>
          <min>45</min>
          <max>50</max>
        </volumeRange>      
        <pitchRange>
          <min>0.9</min>
          <max>1.0</max>
        </pitchRange>      
        <distRange>
          <min>0</min>        
          <max>30</max>
        </distRange>      
        <repeatMode>NeverTwice</repeatMode>      
        <sustainLoop>False</sustainLoop>
      </li>
    </subSounds>
	</SoundDef>
    
	<SoundDef>
    <defName>Pawn_Fisto_Death</defName>
    <context>MapOnly</context>
    <eventNames />
    <maxVoices>3</maxVoices>
    <subSounds>
      <li>
        <grains>
          <li Class="AudioGrain_Folder">
              <clipFolderPath>Pawn/Animal/Fisto/fisto_death1</clipFolderPath>
          </li>
          <li Class="AudioGrain_Folder">
              <clipFolderPath>Pawn/Animal/Fisto/fisto_death2</clipFolderPath>
          </li>
		  <li Class="AudioGrain_Folder">
              <clipFolderPath>Pawn/Animal/Fisto/fisto_death3</clipFolderPath>
          </li>
        </grains>
        <volumeRange>
          <min>63</min>
          <max>63</max>
        </volumeRange>      
        <pitchRange>
          <min>0.9</min>
          <max>1.1</max>
        </pitchRange>      
        <distRange>
          <min>0</min>        
          <max>50</max>
        </distRange>      
        <sustainLoop>False</sustainLoop>
      </li>
    </subSounds>
    </SoundDef>
	
	<SoundDef>
	<defName>Pawn_Fisto_Hurt</defName>
    <context>MapOnly</context>
    <eventNames />
    <maxVoices>5</maxVoices>
    <subSounds>
      <li>
        <grains>
          <li Class="AudioGrain_Folder">
              <clipFolderPath>Pawn/Animal/Fisto/fisto_hurt1</clipFolderPath>
          </li>
          <li Class="AudioGrain_Folder">
              <clipFolderPath>Pawn/Animal/Fisto/fisto_hurt2</clipFolderPath>
          </li>
          <li Class="AudioGrain_Folder">
              <clipFolderPath>Pawn/Animal/Fisto/fisto_hurt3</clipFolderPath>
          </li>
          <li Class="AudioGrain_Folder">
              <clipFolderPath>Pawn/Animal/Fisto/fisto_hurt4</clipFolderPath>
          </li>
          <li Class="AudioGrain_Folder">
              <clipFolderPath>Pawn/Animal/Fisto/fisto_hurt5</clipFolderPath>
          </li>
        </grains>
        <volumeRange>
          <min>45</min>
          <max>50</max>
        </volumeRange>      
        <pitchRange>
          <min>0.9</min>
          <max>1.0</max>
        </pitchRange>      
        <distRange>
          <min>0</min>        
          <max>30</max>
        </distRange>      
        <repeatMode>NeverTwice</repeatMode>      
        <sustainLoop>False</sustainLoop>
      </li>
    </subSounds>
	</SoundDef>
	
</Defs>
