<?xml version="1.0" encoding="utf-8" ?>
<Defs>

	<RecipeDef Abstract="True" Name="SurgeryFisto">
		<effectWorking>Surgery</effectWorking>
		<soundWorking>Recipe_Surgery</soundWorking>
		<workSpeedStat>MedicalOperationSpeed</workSpeedStat>
		<workSkill>Medicine</workSkill>
		<workSkillLearnFactor>16</workSkillLearnFactor>
		<surgerySuccessChanceFactor>1.5</surgerySuccessChanceFactor>
	</RecipeDef>

	<RecipeDef ParentName="SurgeryFisto">
		<defName>InstallEnhancedProtectronDrill</defName>
		<label>install enhanced Protectron drill</label>
		<description>Installs enhanced Protectron drill.</description>
		<workerClass>Recipe_InstallArtificialBodyPart</workerClass>
		<jobString>Installing enhanced Protectron drill.</jobString>
		<workAmount>2000</workAmount>
		<skillRequirements>
			<Medicine>6</Medicine>
		</skillRequirements>
		<ingredients>
			<li>
				<filter>
					<categories>
						<li>Medicine</li>
					</categories>
				</filter>
				<count>1</count>
			</li>
			<li>
				<filter>
					<thingDefs>
						<li>EnhancedProtectronDrill</li>
					</thingDefs>
				</filter>
				<count>1</count>
			</li>
		</ingredients>
		<fixedIngredientFilter>
			<categories>
				<li>Medicine</li>
			</categories>
			<thingDefs>
				<li>EnhancedProtectronDrill</li>
			</thingDefs>
		</fixedIngredientFilter>
		<products>
			<EnhancedProtectronDrill>1</EnhancedProtectronDrill>
		</products>
		<appliedOnFixedBodyParts>
			<li>Drill</li>
		</appliedOnFixedBodyParts>
		<addsHediff>EnhancedProtectronDrill</addsHediff>
		<recipeUsers>
			<li>Fisto</li>
		</recipeUsers>
	</RecipeDef>

	<RecipeDef Abstract="True" Name="LegBaseFisto" ParentName="SurgeryFisto">
		<appliedOnFixedBodyParts>
			<li>ProtectronLeg</li>
		</appliedOnFixedBodyParts>
	</RecipeDef>

	<RecipeDef Abstract="True" Name="BionicLegBaseFisto" ParentName="LegBaseFisto">
		<label>install enhanced Protectron leg</label>
		<description>Installs enhanced Protectron leg. Requires min skill in medicine of 8.</description>
		<workerClass>Recipe_InstallArtificialBodyPart</workerClass>
		<jobString>Installing enhanced Protectron leg.</jobString>
		<workAmount>2000</workAmount>
		<skillRequirements>
			<Medicine>8</Medicine>
		</skillRequirements>
		<addsHediff>EnhancedProtectronLeg</addsHediff>
	</RecipeDef>

	<RecipeDef ParentName="BionicLegBaseFisto">
		<defName>InstallEnhancedProtectronLeg</defName>
		<ingredients>
			<li>
				<filter>
					<categories>
						<li>Medicine</li>
					</categories>
				</filter>
				<count>1</count>
			</li>
			<li>
				<filter>
					<thingDefs>
						<li>EnhancedProtectronLeg</li>
					</thingDefs>
				</filter>
				<count>1</count>
			</li>
		</ingredients>
		<fixedIngredientFilter>
			<categories>
				<li>Medicine</li>
			</categories>
			<thingDefs>
				<li>EnhancedProtectronLeg</li>
			</thingDefs>
		</fixedIngredientFilter> 
		<recipeUsers>
			<li>Fisto</li>
		</recipeUsers>		
	</RecipeDef>


	<RecipeDef ParentName="SurgeryFisto">
		<defName>InstallEnhancedProtectronArm</defName>
		<label>install simple Muffalant prosthetic arm</label>
		<description>Installs enhanced Protectron arm. Requires a min skill in medicine of 8.</description>
		<workerClass>Recipe_InstallArtificialBodyPart</workerClass>
		<jobString>Installing enhanced Protectron aarm.</jobString>
		<workAmount>2000</workAmount>
		<skillRequirements>
			<Medicine>8</Medicine>
		</skillRequirements>
		<ingredients>
			<li>
				<filter>
					<categories>
						<li>Medicine</li>
					</categories>
				</filter>
				<count>1</count>
			</li>
			<li>
				<filter>
					<thingDefs>
						<li>EnhancedProtectronArm</li>
					</thingDefs>
				</filter>
				<count>1</count>
			</li>
		</ingredients>
		<fixedIngredientFilter>
			<categories>
				<li>Medicine</li>
			</categories>
			<thingDefs>
				<li>EnhancedProtectronArm</li>
			</thingDefs>
		</fixedIngredientFilter>
		<appliedOnFixedBodyParts>
			<li>ProtectronShoulder</li>
		</appliedOnFixedBodyParts>
		<addsHediff>EnhancedProtectronArm</addsHediff>
		<recipeUsers>
			<li>Fisto</li>
		</recipeUsers>
	</RecipeDef>

	<!-- =============== Other Parts =============== -->

	<RecipeDef ParentName="SurgeryFisto">
		<defName>InstallEnhancedProtectronEye</defName>
		<label>install enhanced Protectron sight sensor</label>
		<description>Installs enhanced Protectron sight sensor. Requires a min skill in medicine of 8.</description>
		<workerClass>Recipe_InstallArtificialBodyPart</workerClass>
		<jobString>Installing enhanced Protectron sight sensor.</jobString>
		<workAmount>2000</workAmount>
		<skillRequirements>
			<Medicine>8</Medicine>
		</skillRequirements>
		<ingredients>
			<li>
				<filter>
					<categories>
						<li>Medicine</li>
					</categories>
				</filter>
				<count>1</count>
			</li>
			<li>
				<filter>
					<thingDefs>
						<li>EnhancedProtectronEye</li>
					</thingDefs>
				</filter>
				<count>1</count>
			</li>
		</ingredients>
		<fixedIngredientFilter>
			<categories>
				<li>Medicine</li>
			</categories>
			<thingDefs>
				<li>EnhancedProtectronEye</li>
			</thingDefs>
		</fixedIngredientFilter>
		<appliedOnFixedBodyParts>
			<li>ProtectronSightSensor</li>
		</appliedOnFixedBodyParts>
		<addsHediff>EnhancedProtectronEye</addsHediff>
		<recipeUsers>
			<li>Fisto</li>
		</recipeUsers>
	</RecipeDef>

	<RecipeDef ParentName="SurgeryFisto">
		<defName>InstallEnhancedProtectronEar</defName>
		<label>install enhanced Protectron hearing sensor</label>
		<description>Installs enhanced Protectron hearing sensor. Requires a min skill in medicine of 8.</description>
		<workerClass>Recipe_InstallArtificialBodyPart</workerClass>
		<jobString>Installing enhanced Protectron hearing sensor.</jobString>
		<workAmount>2000</workAmount>
		<skillRequirements>
			<Medicine>8</Medicine>
		</skillRequirements>
		<ingredients>
			<li>
				<filter>
					<categories>
						<li>Medicine</li>
					</categories>
				</filter>
				<count>1</count>
			</li>
			<li>
				<filter>
					<thingDefs>
						<li>EnhancedProtectronEar</li>
					</thingDefs>
				</filter>
				<count>1</count>
			</li>
		</ingredients>
		<fixedIngredientFilter>
			<categories>
				<li>Medicine</li>
			</categories>
			<thingDefs>
				<li>EnhancedProtectronEar</li>
			</thingDefs>
		</fixedIngredientFilter>
		<appliedOnFixedBodyParts>
			<li>ProtectronHearingSensor</li>
		</appliedOnFixedBodyParts>
		<addsHediff>EnhancedProtectronEar</addsHediff>
		<recipeUsers>
			<li>Fisto</li>
		</recipeUsers>
	</RecipeDef>

	<!-- =============== Organs =============== -->

	<RecipeDef ParentName="SurgeryFisto">
		<defName>InstallEnhancedProtectronReactor</defName>
		<label>install enhanced Protectron reactor</label>
		<description>Installs a enhanced Protectron reactor. Requires a min skill in medicine of 10.</description>
		<workerClass>Recipe_InstallArtificialBodyPart</workerClass>
		<jobString>Installing enhanced Protectron reactor.</jobString>
		<workAmount>2000</workAmount>
		<skillRequirements>
			<Medicine>10</Medicine>
		</skillRequirements>
		<ingredients>
			<li>
				<filter>
					<categories>
						<li>Medicine</li>
					</categories>
				</filter>
				<count>1</count>
			</li>
			<li>
				<filter>
					<thingDefs>
						<li>EnhancedProtectronReactor</li>
					</thingDefs>
				</filter>
				<count>1</count>
			</li>
		</ingredients>
		<fixedIngredientFilter>
			<categories>
				<li>Medicine</li>
			</categories>
			<thingDefs>
				<li>EnhancedProtectronReactor</li>
			</thingDefs>
		</fixedIngredientFilter>
		<appliedOnFixedBodyParts>
			<li>ProtectronReactor</li>
		</appliedOnFixedBodyParts>
		<addsHediff>EnhancedProtectronReactor</addsHediff>
		<recipeUsers>
			<li>Fisto</li>
		</recipeUsers>
	</RecipeDef>

	<RecipeDef ParentName="SurgeryFisto">
		<defName>InstallEnhancedProtectronFluidReprocessor</defName>
		<label>install enhanced Protectron fluid reprocessor</label>
		<description>Installs a enhanced Protectron fluid reprocessor. Requires a min skill in medicine of 10.</description>
		<workerClass>Recipe_InstallArtificialBodyPart</workerClass>
		<jobString>Installing enhanced Protectron fluid reprocessor.</jobString>
		<workAmount>2000</workAmount>
		<skillRequirements>
			<Medicine>10</Medicine>
		</skillRequirements>
		<ingredients>
			<li>
				<filter>
					<categories>
						<li>Medicine</li>
					</categories>
				</filter>
				<count>1</count>
			</li>
			<li>
				<filter>
					<thingDefs>
						<li>EnhancedProtectronFluidReprocessor</li>
					</thingDefs>
				</filter>
				<count>1</count>
			</li>
		</ingredients>
		<fixedIngredientFilter>
			<categories>
				<li>Medicine</li>
			</categories>
			<thingDefs>
				<li>EnhancedProtectronFluidReprocessor</li>
			</thingDefs>
		</fixedIngredientFilter>
		<appliedOnFixedBodyParts>
			<li>ProtectronFluidReprocessor</li>
		</appliedOnFixedBodyParts>
		<addsHediff>EnhancedProtectronFluidReprocessor</addsHediff>
		<recipeUsers>
			<li>Fisto</li>
		</recipeUsers>
	</RecipeDef>

</Defs>
