﻿<?xml version="1.0" encoding="utf-8" ?>
<Defs>
  
  <HediffDef ParentName="DiseaseBase">
    <defName>Numb</defName>
    <label>Numb</label>
    <isBad>false</isBad>
    <comps>
      <li Class="HediffCompProperties_Disappears">
        <disappearsAfterTicks>
          <min>20000</min>
          <max>25000</max>
        </disappearsAfterTicks>
      </li>
    </comps>
    <stages>	
      <li>
		<painOffset>-0.2</painOffset>
        <capMods>
			<li>
				<capacity>Talking</capacity>
				<postFactor>0.85</postFactor>
			</li>
			<li>
				<capacity>Moving</capacity>
				<postFactor>0.7</postFactor>
			</li>
			<li>
				<capacity>Manipulation</capacity>
				<postFactor>0.7</postFactor>
			</li>
			<li>
				<capacity>Eating</capacity>
				<postFactor>0.85</postFactor>
			</li>
			<li>
				<capacity>Consciousness</capacity>
				<postFactor>0.9</postFactor>
			</li>
        </capMods>
      </li>
    </stages>
  </HediffDef>

</Defs>